x,y,day,date
512677.661371087,1331924.851775630,1,2011-06-22
511617.323471676,1340501.709463710,1,2011-06-22
511617.323471676,1340501.709463710,1,2011-06-22
510945.468294496,1340593.530404390,1,2011-06-22
510945.468294496,1340593.530404390,1,2011-06-22
510078.100581832,1338336.729007320,1,2011-06-22
510078.100581832,1338336.729007320,1,2011-06-22
511784.379156950,1338427.179367150,1,2011-06-22
511784.379156950,1338427.179367150,1,2011-06-22
512874.596879028,1337817.888132890,2,2011-06-23
511575.605132246,1342231.491196680,2,2011-06-23
511166.323698836,1337742.192390820,2,2011-06-23
509536.748113223,1343175.560649530,2,2011-06-23
512038.584987790,1342367.084205480,2,2011-06-23
511000.843939438,1342276.341804650,3,2011-06-24
511792.865441962,1338429.282800010,3,2011-06-24
512453.314705133,1341262.189252820,3,2011-06-24
511388.377806045,1332631.182802020,3,2011-06-24
513404.987159559,1334448.498792240,3,2011-06-24
510808.985702089,1335199.003505730,3,2011-06-24
514566.419402071,1334482.863623820,3,2011-06-24
514566.416513067,1334490.493572310,3,2011-06-24
511094.674274730,1340014.576064980,4,2011-06-25
511089.833561818,1340631.717892480,4,2011-06-25
510078.446905600,1332043.019602590,4,2011-06-25
519713.422874879,1333901.952562680,4,2011-06-25
511090.812774075,1340631.607570740,4,2011-06-25
517765.768027928,1338695.325961900,4,2011-06-25
515419.996511509,1339314.624662540,4,2011-06-25
510852.669009662,1338436.437330880,4,2011-06-25
510688.168187223,1337068.311145000,4,2011-06-25
511823.296434631,1339685.692747510,5,2011-06-26
511013.255060838,1342242.507729090,5,2011-06-26
511190.115822612,1342375.139139800,5,2011-06-26
511003.019925075,1342275.789474050,5,2011-06-26
515892.863692278,1335959.515538470,5,2011-06-26
509165.218664263,1337210.839413030,5,2011-06-26
513214.121824034,1335734.910463240,5,2011-06-26
514440.637214873,1342555.655555630,5,2011-06-26
511267.027520065,1339560.030528640,5,2011-06-26
499246.049083819,1338050.716478930,6,2011-06-27
514395.025797974,1335652.061733090,6,2011-06-27
510074.804348632,1339429.471710330,6,2011-06-27
510435.505395647,1340699.006389870,6,2011-06-27
516276.871015980,1340691.037872350,6,2011-06-27
513494.445716029,1338548.138534190,6,2011-06-27
512281.086515612,1336966.243355490,7,2011-06-28
511370.098501267,1342622.996292000,7,2011-06-28
519430.956855486,1332423.798244210,7,2011-06-28
519431.501057649,1332423.687959750,7,2011-06-28
509563.142247664,1338227.805961520,7,2011-06-28
514254.689720258,1336436.789430380,7,2011-06-28
515851.900655156,1340446.363507300,7,2011-06-28
513865.970380038,1340207.179351010,8,2011-06-29
512760.108428490,1341295.348957250,8,2011-06-29
511161.750332813,1340217.285628540,8,2011-06-29
510175.205457809,1340000.304873740,8,2011-06-29
515516.216084604,1335521.133360860,8,2011-06-29
512676.151149271,1333265.729682060,8,2011-06-29
516232.956973187,1340100.192592910,8,2011-06-29
513583.481997882,1336253.651724050,8,2011-06-29
513074.081746985,1335715.733916900,8,2011-06-29
513906.747804319,1334788.482588610,8,2011-06-29
515433.178524339,1335546.090230630,8,2011-06-29
511984.511002831,1336812.560808400,8,2011-06-29
514891.380051580,1342501.976553400,9,2011-06-30
515566.270466682,1342101.066086650,9,2011-06-30
510914.199891440,1336948.058220980,9,2011-06-30
507981.631780433,1341683.114976330,9,2011-06-30
512267.510565459,1343351.863323900,9,2011-06-30
501539.447523259,1339096.017140060,9,2011-06-30
513142.296531152,1336412.072700790,9,2011-06-30
517565.063549868,1334529.929869010,9,2011-06-30
513279.500186780,1332549.485517530,9,2011-06-30
513233.428138951,1334294.293996440,9,2011-06-30
512801.769454483,1336565.666754870,9,2011-06-30
510904.841332942,1340769.562232210,10,2011-07-01
506245.220767404,1343332.625095030,10,2011-07-01
518486.071996700,1334628.358799010,10,2011-07-01
510552.218647696,1335020.465407170,10,2011-07-01
512468.696554208,1334435.589565140,10,2011-07-01
514410.963561709,1341036.945524320,11,2011-07-02
511183.025597373,1340403.175095730,11,2011-07-02
513170.704158372,1341619.812527590,11,2011-07-02
511277.403799886,1340219.417553470,11,2011-07-02
510910.063647092,1340769.452994520,11,2011-07-02
510957.037886934,1338344.462223620,11,2011-07-02
510206.177214181,1342021.812917360,11,2011-07-02
508964.139672872,1337194.655834820,11,2011-07-02
514757.551797812,1341978.661996530,11,2011-07-02
510553.525604620,1335015.821411600,11,2011-07-02
510566.695856201,1335002.776314910,11,2011-07-02
510589.651057882,1335025.450609000,11,2011-07-02
510589.651057882,1335025.450609000,11,2011-07-02
510589.651057882,1335025.450609000,11,2011-07-02
510589.651057882,1335025.450609000,11,2011-07-02
509748.927177698,1335986.519081410,11,2011-07-02
513734.791553279,1330809.684802660,11,2011-07-02
512854.333900493,1332135.449813950,11,2011-07-02
508016.686087175,1337439.091039160,12,2011-07-03
517492.136939197,1338437.322650640,12,2011-07-03
514688.027603110,1332061.121513410,12,2011-07-03
517489.634022331,1338438.095508900,12,2011-07-03
517490.504631994,1338437.764187240,12,2011-07-03
514211.862256097,1332753.277400390,12,2011-07-03
517489.852322704,1338436.658081510,12,2011-07-03
509488.658611792,1338513.969125700,12,2011-07-03
511153.294051422,1339693.248178740,13,2011-07-04
511153.294051422,1339693.248178740,13,2011-07-04
511969.182780862,1335271.416567650,13,2011-07-04
511969.182780862,1335271.416567650,13,2011-07-04
510920.397485906,1340776.975046770,13,2011-07-04
511309.003385517,1340445.450190380,13,2011-07-04
510920.397485906,1340776.975046770,13,2011-07-04
511309.003385517,1340445.450190380,13,2011-07-04
511303.997743404,1340448.766216830,13,2011-07-04
511155.190890290,1340335.935480610,13,2011-07-04
511303.997743404,1340448.766216830,13,2011-07-04
511155.190890290,1340335.935480610,13,2011-07-04
517504.486246924,1339232.836760490,13,2011-07-04
514399.113848213,1335486.415839350,13,2011-07-04
517504.486246924,1339232.836760490,13,2011-07-04
514399.113848213,1335486.415839350,13,2011-07-04
511774.820769085,1334554.587908220,13,2011-07-04
511774.820769085,1334554.587908220,13,2011-07-04
510628.490145799,1337268.886786040,13,2011-07-04
510628.490145799,1337268.886786040,13,2011-07-04
508919.023730996,1337555.577284780,13,2011-07-04
508919.023730996,1337555.577284780,13,2011-07-04
515310.263387234,1335157.907799720,13,2011-07-04
515310.263387234,1335157.907799720,13,2011-07-04
511184.221296998,1340407.266848560,13,2011-07-04
516927.668512362,1333887.277443950,13,2011-07-04
516927.668512362,1333887.277443950,13,2011-07-04
511184.221296998,1340407.266848560,13,2011-07-04
512039.865515079,1334696.979649260,13,2011-07-04
512039.865515079,1334696.979649260,13,2011-07-04
511150.574217032,1339692.473403310,13,2011-07-04
511150.574217032,1339692.473403310,13,2011-07-04
512497.176408269,1336647.067669260,14,2011-07-05
513942.790811366,1335634.424903390,14,2011-07-05
516353.792111466,1337723.784559860,14,2011-07-05
513838.102710503,1335038.919598700,14,2011-07-05
516855.645624758,1339570.353094800,14,2011-07-05
515508.290035225,1341295.027903300,14,2011-07-05
516852.705993564,1339574.664348110,14,2011-07-05
511965.566651971,1331618.112111270,14,2011-07-05
509995.154557329,1342824.902834820,14,2011-07-05
517819.025743322,1338811.681521130,14,2011-07-05
510107.653163637,1338997.225126420,14,2011-07-05
510000.885063893,1342500.906340930,14,2011-07-05
515802.034505149,1341047.563007630,15,2011-07-06
513604.219158133,1336701.061917740,15,2011-07-06
511027.002382066,1334571.745186380,15,2011-07-06
511025.044793046,1334567.210943590,15,2011-07-06
511017.248928610,1340694.176209060,15,2011-07-06
510424.753599033,1341523.372837200,15,2011-07-06
511324.887742053,1340044.825669300,15,2011-07-06
518856.640075807,1333312.769461510,16,2011-07-07
510418.659172912,1341531.333085800,16,2011-07-07
512491.222167492,1334436.591724670,16,2011-07-07
512357.619627340,1340402.847514520,16,2011-07-07
512473.581409154,1339758.095181450,16,2011-07-07
509597.780444420,1337537.910295500,16,2011-07-07
518219.590025601,1337624.589480210,16,2011-07-07
512491.222167492,1334436.591724670,16,2011-07-07
510911.522130850,1340174.426093150,16,2011-07-07
510911.521846741,1340175.531885980,16,2011-07-07
511783.182193474,1338427.510762390,16,2011-07-07
512716.671231473,1331081.259088250,17,2011-07-08
517928.738478984,1335644.080777250,17,2011-07-08
509874.196866143,1336372.356593260,17,2011-07-08
509881.696611497,1336410.286849550,17,2011-07-08
502226.022293153,1339744.309905100,17,2011-07-08
511482.813825911,1340626.737219470,17,2011-07-08
511018.336561743,1340695.503444480,17,2011-07-08
510492.842552216,1342486.646578610,17,2011-07-08
510354.413091396,1339944.393891870,17,2011-07-08
510749.493079413,1339845.632722270,17,2011-07-08
508045.609870497,1337561.838390650,18,2011-07-09
510538.227312416,1335724.407508770,18,2011-07-09
511170.702333218,1339693.142217630,18,2011-07-09
511121.148311594,1339467.658003720,18,2011-07-09
511123.324359694,1339467.658577980,18,2011-07-09
508049.092565586,1337556.862890330,18,2011-07-09
517443.376319123,1334812.843686700,18,2011-07-09
511582.265753856,1341756.112062160,18,2011-07-09
513867.855277873,1336442.620587790,18,2011-07-09
511146.009525731,1340084.586302910,18,2011-07-09
510506.198819299,1335426.278876920,18,2011-07-09
513185.830350044,1334423.213177370,18,2011-07-09
514302.613483689,1334548.780553030,18,2011-07-09
512807.174242511,1334636.175386120,19,2011-07-10
510236.228622717,1340524.243737110,19,2011-07-10
512398.239758689,1335309.583912470,19,2011-07-10
509421.780526677,1336749.223746720,19,2011-07-10
511588.817422458,1340115.779661800,19,2011-07-10
510672.136865619,1339402.964656830,19,2011-07-10
511170.614549810,1341251.757674120,19,2011-07-10
511612.518130044,1341728.918008340,19,2011-07-10
512959.832997079,1336025.096700080,20,2011-07-11
509832.938087002,1335465.821162850,20,2011-07-11
510481.812653120,1341763.343899050,20,2011-07-11
511029.037404078,1340130.445961240,20,2011-07-11
510968.339414477,1340082.549357110,20,2011-07-11
510754.803185809,1338198.667396590,20,2011-07-11
511379.511004867,1340822.323709500,20,2011-07-11
516522.049310385,1340808.802913460,20,2011-07-11
510415.937357575,1336552.393453780,20,2011-07-11
512479.776588012,1331674.439954750,20,2011-07-11
516857.400816204,1335011.281484590,20,2011-07-11
516630.172118258,1337712.185995360,20,2011-07-11
509521.098587114,1336881.054574750,20,2011-07-11
513934.907381229,1331504.963871000,20,2011-07-11
508045.827100250,1337564.271164510,20,2011-07-11
518870.423801324,1332759.107409450,21,2011-07-12
508870.174316498,1332293.672366910,21,2011-07-12
511943.003655871,1334738.750183560,21,2011-07-12
510254.737669720,1341393.954532980,21,2011-07-12
510262.461928774,1341394.840983930,21,2011-07-12
511249.726086494,1339972.707712450,21,2011-07-12
517985.653991804,1337176.184272910,21,2011-07-12
508045.501379351,1337559.847950390,21,2011-07-12
508045.501379351,1337559.847950390,21,2011-07-12
511328.182196218,1341136.576282810,21,2011-07-12
514320.109707792,1332260.688555820,22,2011-07-13
508045.066283355,1337558.963248430,22,2011-07-13
514119.267334809,1330907.130990360,22,2011-07-13
508045.066283355,1337558.963248430,22,2011-07-13
509980.258328685,1337481.819730870,22,2011-07-13
509489.607127908,1339182.530964570,22,2011-07-13
513445.137421203,1338604.406461480,22,2011-07-13
509868.973562643,1336373.461227930,22,2011-07-13
511806.640550309,1339717.866531550,22,2011-07-13
514114.195687781,1331087.261878080,22,2011-07-13
510055.343636493,1339841.264335430,22,2011-07-13
510679.376872983,1334786.732877410,22,2011-07-13
509952.548785824,1338773.045929140,22,2011-07-13
508373.380898259,1341158.480608430,22,2011-07-13
510055.343636493,1339841.264335430,22,2011-07-13
506611.592287205,1346481.306410850,22,2011-07-13
510055.343636493,1339841.264335430,22,2011-07-13
512400.538716788,1340232.679071670,22,2011-07-13
510055.343636493,1339841.264335430,22,2011-07-13
514420.197956621,1334101.532361200,23,2011-07-14
510191.695121918,1342075.993451270,23,2011-07-14
508048.874168496,1337561.728333640,23,2011-07-14
506825.725715118,1342324.093787590,23,2011-07-14
513094.215732309,1335706.673063810,23,2011-07-14
518236.388486864,1335593.699063360,23,2011-07-14
508164.327720647,1340835.775119630,23,2011-07-14
508048.874168496,1337561.728333640,23,2011-07-14
514302.078966753,1336581.223267420,24,2011-07-15
508042.019727427,1337558.299287290,24,2011-07-15
516567.304868969,1336927.155707740,24,2011-07-15
508064.108665716,1337554.321978290,24,2011-07-15
511846.776185881,1339759.898205910,24,2011-07-15
508064.108665716,1337554.321978290,24,2011-07-15
508292.104377350,1341192.856957730,24,2011-07-15
511844.275125812,1339755.142575580,24,2011-07-15
508292.104377350,1341192.856957730,24,2011-07-15
511844.275125812,1339755.142575580,24,2011-07-15
512041.677885399,1340367.035462130,24,2011-07-15
512041.677885399,1340367.035462130,24,2011-07-15
508505.528032059,1337669.951222850,24,2011-07-15
508505.528032059,1337669.951222850,24,2011-07-15
509877.893521762,1336385.958627920,24,2011-07-15
509870.824227439,1336369.701951320,24,2011-07-15
509954.356400410,1336533.930360780,24,2011-07-15
501432.037095700,1340486.004064280,24,2011-07-15
508055.724444747,1337591.143458280,24,2011-07-15
508056.377512787,1337589.816614280,24,2011-07-15
508054.745427307,1337589.484615650,24,2011-07-15
511844.275125812,1339755.142575580,25,2011-07-16
511844.275125812,1339755.142575580,25,2011-07-16
512884.288269320,1341495.758827290,25,2011-07-16
511844.275125812,1339755.142575580,25,2011-07-16
511844.275125812,1339755.142575580,25,2011-07-16
510429.448226768,1337836.772537250,25,2011-07-16
511844.275125812,1339755.142575580,25,2011-07-16
511844.275125812,1339755.142575580,25,2011-07-16
511844.275125812,1339755.142575580,25,2011-07-16
511544.491808881,1338709.199238170,26,2011-07-17
509290.198663378,1339581.349184260,26,2011-07-17
511844.275125812,1339755.142575580,26,2011-07-17
516697.172238215,1334874.311970830,26,2011-07-17
512538.010301054,1334452.197840910,26,2011-07-17
512566.960012483,1334441.370108810,26,2011-07-17
514188.373010255,1334193.780068240,26,2011-07-17
516753.588171034,1338613.352568190,26,2011-07-17
510008.287257687,1342481.556617320,26,2011-07-17
511336.018229921,1341126.626265720,26,2011-07-17
510451.567236654,1335448.492053410,26,2011-07-17
514156.881248298,1341744.449246080,26,2011-07-17
510142.916203786,1337064.310228430,26,2011-07-17
512090.191689274,1334891.392236290,27,2011-07-18
510991.091748549,1338354.423156940,27,2011-07-18
511626.325025404,1337504.241019970,27,2011-07-18
515590.465123847,1335960.826479460,27,2011-07-18
516079.247476591,1334226.378671510,27,2011-07-18
516447.170423857,1339887.089714180,27,2011-07-18
510484.251303288,1341577.239379120,27,2011-07-18
516518.401382649,1337032.626484310,27,2011-07-18
510371.037402425,1341404.265970450,27,2011-07-18
508159.104105970,1340843.957129360,27,2011-07-18
517456.772346069,1336617.281000780,27,2011-07-18
510357.763956835,1341406.032072160,27,2011-07-18
510128.989539978,1337059.220386250,27,2011-07-18
511114.174808868,1334958.130648130,28,2011-07-19
509883.982236003,1336407.854618000,28,2011-07-19
509162.200546935,1335963.175981570,28,2011-07-19
514525.446495778,1334343.629211290,28,2011-07-19
516568.936651878,1336928.041070540,28,2011-07-19
518128.680762641,1337077.950355150,28,2011-07-19
511686.863808902,1337745.541710710,29,2011-07-20
517878.225954786,1335909.998927010,29,2011-07-20
511039.359856869,1339765.758201410,29,2011-07-20
513843.012238842,1332852.333813720,29,2011-07-20
512538.463711270,1334393.812314350,29,2011-07-20
512538.463711270,1334393.812314350,29,2011-07-20
512538.463711270,1334393.812314350,29,2011-07-20
514705.203637326,1334952.103195800,29,2011-07-20
511584.712660738,1332594.745751580,29,2011-07-20
513027.381238768,1332108.635141720,29,2011-07-20
513302.125277043,1337759.311592170,29,2011-07-20
513074.961995884,1331376.619463220,29,2011-07-20
501801.918289265,1339813.550877390,29,2011-07-20
514147.503501218,1332270.577330990,29,2011-07-20
517446.125886629,1336581.116518850,29,2011-07-20
509669.507596654,1338957.208687970,30,2011-07-21
509197.709753069,1337428.797159150,30,2011-07-21
512685.048375675,1338518.789065900,30,2011-07-21
512684.287258965,1338517.130136890,30,2011-07-21
511579.474401743,1340066.458681780,30,2011-07-21
511616.203004927,1337513.969144720,30,2011-07-21
509445.920858415,1331556.889282180,30,2011-07-21
515584.209803296,1335298.676267300,30,2011-07-21
509435.272654416,1331472.957903030,30,2011-07-21
509094.220798297,1335252.140153500,30,2011-07-21
512540.312235185,1332995.874900290,30,2011-07-21
511926.478787666,1335434.839861530,30,2011-07-21
513352.768080577,1336013.837371260,30,2011-07-21
511986.244968691,1340180.692996310,30,2011-07-21
511485.131237899,1339720.982787740,30,2011-07-21
510218.080809148,1341363.315458670,30,2011-07-21
509311.938618371,1337534.865394820,30,2011-07-21
516264.443632188,1339006.023162150,30,2011-07-21
510882.264944639,1335450.478609390,30,2011-07-21
512131.602069792,1332123.726737010,30,2011-07-21
510952.694488426,1330694.171581990,30,2011-07-21
510532.515842079,1335942.357267570,30,2011-07-21
515445.703560779,1337648.094609160,31,2011-07-22
509024.554262455,1335937.384255600,31,2011-07-22
509882.356254520,1336379.767192490,31,2011-07-22
512901.656460129,1339602.535127060,31,2011-07-22
512633.672399949,1341689.082157970,31,2011-07-22
517552.545233216,1335446.514232390,31,2011-07-22
501018.675643318,1340023.590718250,31,2011-07-22
501017.805249527,1340023.701364490,31,2011-07-22
511037.984127907,1340034.244317530,31,2011-07-22
514535.592371460,1331968.066899410,31,2011-07-22
509061.287151737,1335055.192745710,31,2011-07-22
509162.556208018,1335263.211437160,31,2011-07-22
509025.990621736,1335259.425144790,31,2011-07-22
502635.503264304,1337639.645862450,31,2011-07-22
513074.881341911,1334275.995975360,32,2011-07-23
511588.839980056,1341589.802464740,32,2011-07-23
514873.629333905,1335858.142455650,32,2011-07-23
510256.570528187,1339148.421452150,32,2011-07-23
509940.479014245,1340196.197794530,32,2011-07-23
517266.318829163,1335524.779023540,32,2011-07-23
519148.755977468,1335505.818635670,32,2011-07-23
509940.479138179,1340195.644898200,32,2011-07-23
513406.408676426,1331541.381653450,32,2011-07-23
510865.037390337,1339428.667641240,32,2011-07-23
511485.458008858,1339719.655926750,32,2011-07-23
510188.747240100,1336502.358189560,32,2011-07-23
511004.611389528,1342013.274311120,32,2011-07-23
502124.483103135,1336301.656061100,32,2011-07-23
509840.618166005,1337157.460245150,33,2011-07-24
510062.480489398,1341463.353821440,33,2011-07-24
509905.670156131,1337233.442456180,33,2011-07-24
516169.571298096,1335982.634528700,33,2011-07-24
512153.310224656,1332318.020035510,33,2011-07-24
510397.369415187,1335021.423263280,33,2011-07-24
517651.126581696,1334559.274715580,33,2011-07-24
510213.097655672,1341271.533427050,33,2011-07-24
511788.946835512,1338434.810637640,33,2011-07-24
511788.946835512,1338434.810637640,34,2011-07-25
514625.123611704,1335780.862536590,34,2011-07-25
514625.123611704,1335780.862536590,34,2011-07-25
516473.454733268,1337049.525134150,34,2011-07-25
511574.390808122,1339958.974188190,34,2011-07-25
516473.454733268,1337049.525134150,34,2011-07-25
509743.852556974,1332284.780996380,34,2011-07-25
509743.852556974,1332284.780996380,34,2011-07-25
511570.799832361,1339960.963612820,34,2011-07-25
518500.002927669,1334837.581657190,34,2011-07-25
518500.002927669,1334837.581657190,34,2011-07-25
513743.069480560,1336376.118429440,34,2011-07-25
513743.071657069,1336369.926001200,34,2011-07-25
513478.473673648,1336261.134945720,34,2011-07-25
508727.921143438,1332371.382937170,34,2011-07-25
510557.975355426,1331491.787205760,34,2011-07-25
510557.975355426,1331491.787205760,34,2011-07-25
508713.979524976,1332435.184305630,34,2011-07-25
511188.655618718,1334364.231039440,34,2011-07-25
509094.438714039,1335250.702670250,34,2011-07-25
509510.854402760,1336436.524813470,34,2011-07-25
510380.202046143,1336283.014450940,34,2011-07-25
510871.668498487,1339451.559236260,35,2011-07-26
510743.879340549,1339237.556065350,35,2011-07-26
510945.201025078,1338677.191896520,35,2011-07-26
510945.201025078,1338677.191896520,35,2011-07-26
510945.201025078,1338677.191896520,35,2011-07-26
510945.201025078,1338677.191896520,35,2011-07-26
511379.758105160,1341909.872045500,35,2011-07-26
513809.394657812,1338058.050720960,35,2011-07-26
510876.778850444,1339464.719471400,35,2011-07-26
511705.289332799,1340302.359774460,35,2011-07-26
511448.637786671,1340675.493283590,35,2011-07-26
515667.393400853,1340408.578301200,35,2011-07-26
512918.133886013,1339788.866598900,35,2011-07-26
510454.465060111,1339678.585353620,35,2011-07-26
512153.254284425,1338718.221047270,35,2011-07-26
507459.692547790,1343609.330334400,35,2011-07-26
515716.608697847,1336678.537595300,35,2011-07-26
515022.859248338,1340154.868185270,35,2011-07-26
511602.535600874,1340470.521944020,36,2011-07-27
509732.221449620,1336249.914578190,36,2011-07-27
511603.189385258,1340466.983588820,36,2011-07-27
511603.080431517,1340467.536454910,36,2011-07-27
511603.624084223,1340468.752979920,36,2011-07-27
510850.327496360,1335663.224394140,36,2011-07-27
514163.686826323,1335043.017583860,36,2011-07-27
514891.005322158,1335388.519908810,36,2011-07-27
513626.849335756,1332005.556209610,36,2011-07-27
507413.692807022,1345827.881603870,36,2011-07-27
501138.665245708,1339788.932671160,37,2011-07-28
501152.591880976,1339790.148029740,37,2011-07-28
501154.876424860,1339786.277592770,37,2011-07-28
510980.310411563,1340071.052212340,37,2011-07-28
512026.195249432,1341586.942553020,37,2011-07-28
514847.916161895,1340136.111558880,37,2011-07-28
514602.580325468,1342109.086223710,37,2011-07-28
511629.418341504,1340436.913376560,37,2011-07-28
511455.939206811,1339841.727306850,37,2011-07-28
509987.057410285,1336280.380056640,37,2011-07-28
510099.068867756,1336573.329256080,37,2011-07-28
509839.211724753,1336132.060736260,37,2011-07-28
511299.620876314,1331241.958553130,37,2011-07-28
517563.707816839,1334633.984148100,37,2011-07-28
512903.642046592,1332109.147914050,37,2011-07-28
511339.631546097,1332196.484576970,37,2011-07-28
516723.233733180,1338848.541116320,37,2011-07-28
514890.034408640,1337040.792655450,37,2011-07-28
512509.298139286,1335804.459107690,37,2011-07-28
509158.154434865,1335512.234278990,37,2011-07-28
513607.593269827,1331985.866524280,37,2011-07-28
501843.416536171,1336298.019405220,37,2011-07-28
510342.685844648,1342133.530309970,38,2011-07-29
510567.484786849,1338449.525013250,38,2011-07-29
513201.265419433,1337741.806264740,38,2011-07-29
511357.372772269,1340614.870836260,38,2011-07-29
515654.288848333,1337129.895864700,38,2011-07-29
515772.302258414,1339311.563991560,38,2011-07-29
515771.975802577,1339311.674433580,38,2011-07-29
514643.451695157,1341915.919439720,38,2011-07-29
514641.387034840,1341909.615615720,38,2011-07-29
511488.496995299,1339746.638108520,38,2011-07-29
509387.382086994,1336285.227206130,38,2011-07-29
509533.435228783,1331490.007368310,38,2011-07-29
509434.506693393,1331493.083057260,38,2011-07-29
509685.254049584,1336568.593110460,38,2011-07-29
498917.573123684,1341088.926452730,38,2011-07-29
498914.959880954,1341074.551530650,38,2011-07-29
512447.644087960,1332472.919193360,38,2011-07-29
514514.160012488,1337434.199623030,38,2011-07-29
498914.851100887,1341074.662126060,38,2011-07-29
508904.444930558,1336393.610168180,38,2011-07-29
500655.236638372,1339507.769019660,38,2011-07-29
508396.255625554,1332754.700720890,38,2011-07-29
509694.235379634,1336296.017816420,39,2011-07-30
502151.587587836,1339367.237744690,39,2011-07-30
509532.610360784,1337505.607452090,39,2011-07-30
509747.560241403,1336268.384592950,39,2011-07-30
509739.402514234,1336253.012345080,39,2011-07-30
509095.572061771,1337808.063258580,39,2011-07-30
512024.888311866,1341591.697082660,39,2011-07-30
510920.351000936,1338418.761973680,39,2011-07-30
512022.168348531,1341592.028019120,39,2011-07-30
501987.395750846,1339173.620478060,39,2011-07-30
516862.195958376,1337141.702060970,39,2011-07-30
501647.253916329,1338771.903528550,41,2011-08-01
501472.664393357,1339458.389046940,41,2011-08-01
501659.014346105,1338943.632243100,41,2011-08-01
509697.363775141,1336927.645790660,41,2011-08-01
509695.949151696,1336927.977223070,41,2011-08-01
501016.260807700,1339748.138132000,41,2011-08-01
511962.533429722,1336804.039801940,41,2011-08-01
513100.110054316,1339606.138620730,41,2011-08-01
511427.110300319,1337446.905835000,41,2011-08-01
513103.914940020,1339615.760278560,41,2011-08-01
513090.425183701,1339610.669171370,41,2011-08-01
511511.748379042,1339862.531624740,41,2011-08-01
511604.197002870,1340365.582631710,41,2011-08-01
511532.876302312,1341354.142145510,41,2011-08-01
511533.311576529,1341353.810528420,41,2011-08-01
511467.993101605,1340319.875503020,41,2011-08-01
511565.447873203,1340035.271403850,41,2011-08-01
511535.949928861,1341255.837926480,41,2011-08-01
512306.823078790,1332104.538463520,41,2011-08-01
508899.330210364,1336396.152520370,41,2011-08-01
512973.659476038,1332656.093202850,41,2011-08-01
508746.533500172,1336518.203313610,41,2011-08-01
512104.406931052,1340894.628125560,42,2011-08-02
508937.210297099,1336327.932453780,42,2011-08-02
510909.532267808,1339873.318204350,42,2011-08-02
510804.962381892,1339921.504096020,42,2011-08-02
511759.198873350,1340875.618416930,42,2011-08-02
512667.027856006,1341829.307437020,42,2011-08-02
510793.517834718,1340862.531071310,42,2011-08-02
510793.735569199,1340861.978229720,42,2011-08-02
510794.388436829,1340861.646656950,42,2011-08-02
514348.418432476,1341876.441487670,42,2011-08-02
511714.159790612,1341247.926331490,42,2011-08-02
514346.479671466,1342115.513671700,42,2011-08-02
511761.049974909,1340870.200557190,42,2011-08-02
509659.663391323,1336660.147040300,42,2011-08-02
514345.831659135,1332744.480458000,42,2011-08-02
516175.031261868,1334430.217095350,42,2011-08-02
513165.523506952,1334294.492565760,42,2011-08-02
512127.264069425,1332807.323372680,42,2011-08-02
509509.676220511,1336346.734427290,42,2011-08-02
514145.760952350,1332274.115218680,42,2011-08-02
509869.020096204,1342056.015744750,43,2011-08-03
510892.061687459,1338417.538349440,43,2011-08-03
509949.492849281,1336386.306302730,43,2011-08-03
510472.383287874,1339369.631304700,43,2011-08-03
510643.472793182,1336082.709206780,43,2011-08-03
510642.275912290,1336082.377174090,43,2011-08-03
510640.208239793,1336083.150716250,43,2011-08-03
509258.520194370,1335329.577855040,43,2011-08-03
510641.296797566,1336081.492300290,43,2011-08-03
510641.296824882,1336081.381721300,43,2011-08-03
511948.865187550,1339645.699428180,44,2011-08-04
515490.251788536,1342034.244610190,44,2011-08-04
509735.758760253,1336497.169972050,44,2011-08-04
511409.502376357,1339764.198490700,44,2011-08-04
511396.871935950,1339798.916928720,44,2011-08-04
511823.365512725,1339823.806289360,44,2011-08-04
514581.599254061,1341781.984002540,44,2011-08-04
512650.799670787,1341197.340866790,44,2011-08-04
512633.381070083,1341232.941938720,44,2011-08-04
511879.641876473,1339733.368675140,44,2011-08-04
512862.894079918,1341040.054128820,44,2011-08-04
511816.637740313,1340140.061145080,44,2011-08-04
513095.822452678,1341056.164297590,44,2011-08-04
508901.292337035,1336377.686200650,44,2011-08-04
514729.622916422,1335970.435084680,44,2011-08-04
517459.553509434,1335804.525143180,44,2011-08-04
512852.292915223,1334427.085078380,44,2011-08-04
510645.435477381,1336066.454580420,44,2011-08-04
515956.107029033,1337441.192917220,44,2011-08-04
513866.231568892,1336418.734925250,44,2011-08-04
511687.409132326,1340049.128090850,45,2011-08-05
511622.437934738,1339723.785510930,45,2011-08-05
509775.834051407,1336350.329772230,45,2011-08-05
511462.444185809,1340320.426870030,45,2011-08-05
511187.197351195,1339854.039437060,45,2011-08-05
511001.094095588,1340896.974507580,45,2011-08-05
512821.343413734,1340333.217378130,45,2011-08-05
513015.732926576,1340770.953644160,45,2011-08-05
511521.530681551,1340681.816453190,45,2011-08-05
513029.221983927,1340776.597621750,45,2011-08-05
513094.772542309,1340283.214081760,45,2011-08-05
512076.533038302,1332128.465358270,45,2011-08-05
508898.896393669,1336388.522489010,45,2011-08-05
511900.344665167,1335873.167397610,45,2011-08-05
510631.830127426,1336080.605331340,45,2011-08-05
510635.965799994,1336077.731298220,45,2011-08-05
512150.245184613,1332744.521439360,45,2011-08-05
509774.961805907,1336358.291269570,46,2011-08-06
513934.783733679,1341879.939039890,46,2011-08-06
517549.132584173,1337343.609789100,46,2011-08-06
512543.971676452,1341862.663729000,46,2011-08-06
509230.023403094,1339076.321892180,46,2011-08-06
510760.424890947,1336177.615114260,46,2011-08-06
514456.880148744,1332624.764943000,46,2011-08-06
512592.228273226,1341668.390759300,46,2011-08-06
513871.519561588,1334705.978132300,46,2011-08-06
508722.521147472,1332143.700452140,46,2011-08-06
508355.116395922,1346167.728648590,49,2011-08-09
510750.960055427,1336603.452523250,49,2011-08-09
510754.115906992,1336602.347524670,49,2011-08-09
509226.646265260,1335281.359081670,49,2011-08-09
509146.099244142,1335392.806676610,49,2011-08-09
516326.512446697,1336411.971214150,49,2011-08-09
510744.649378344,1336601.571097580,49,2011-08-09
516958.289000825,1336877.240548120,49,2011-08-09
512093.767223496,1334575.690458670,49,2011-08-09
511041.640284809,1340199.008413120,52,2011-08-12
509126.314363265,1335291.401934650,52,2011-08-12
509124.465285842,1335287.199574060,52,2011-08-12
517144.127255043,1336204.230880810,52,2011-08-12
512735.851301603,1335809.174480330,52,2011-08-12
510129.081469499,1335238.648012750,52,2011-08-12
501784.308990392,1340135.558392280,52,2011-08-12
517153.123661024,1338611.546052960,52,2011-08-12
509956.272196153,1336725.121907530,52,2011-08-12
510815.053723924,1338311.473328880,53,2011-08-13
510821.255281945,1338313.133587750,53,2011-08-13
514536.219985698,1340954.279371470,53,2011-08-13
510812.006969988,1338312.136032190,53,2011-08-13
511225.302997895,1340166.214926610,53,2011-08-13
509453.391353055,1335957.042420890,53,2011-08-13
509453.391330161,1335957.152999840,53,2011-08-13
511480.855559612,1334704.561201300,53,2011-08-13
512908.227233949,1336109.894097850,53,2011-08-13
512035.860695281,1332026.720975680,53,2011-08-13
510960.714303055,1335902.987853040,53,2011-08-13
520381.712943360,1332750.868040190,53,2011-08-13
509832.966488615,1335336.554406130,53,2011-08-13
512191.189058934,1340296.530349470,55,2011-08-15
509589.714996626,1336060.351709800,55,2011-08-15
513045.642530587,1340800.598748570,55,2011-08-15
514427.659956761,1340902.597773310,55,2011-08-15
512825.238288264,1340739.597790290,55,2011-08-15
513494.688387189,1340373.360618680,55,2011-08-15
508670.242090424,1336592.166767750,55,2011-08-15
515626.741787612,1337434.972474350,55,2011-08-15
511301.805562374,1338896.896250680,55,2011-08-15
509475.122072357,1338205.561107980,55,2011-08-15
513167.006373958,1340636.870870410,55,2011-08-15
507558.177976703,1341868.824316890,55,2011-08-15
511687.240847648,1339105.886913300,55,2011-08-15
511333.352426744,1340124.997950780,55,2011-08-15
510968.736691750,1343167.604034360,55,2011-08-15
511160.236438238,1342640.190159260,55,2011-08-15
514531.441515471,1340931.608772530,55,2011-08-15
511585.314697877,1339023.697891040,55,2011-08-15
514427.879753838,1340896.737145770,55,2011-08-15
511326.279857806,1340127.097040480,55,2011-08-15
509663.062657296,1336030.289844350,55,2011-08-15
509696.982510628,1336171.617052910,55,2011-08-15
509181.355809991,1335394.029997420,55,2011-08-15
508868.014087635,1335696.845327480,55,2011-08-15
513870.793755583,1336441.184104860,55,2011-08-15
510593.713579078,1337094.716190940,55,2011-08-15
511217.584349718,1334430.696629970,55,2011-08-15
509012.973541973,1336178.222996890,55,2011-08-15
515495.446735322,1334158.127636930,55,2011-08-15
509015.585790068,1336174.574393330,55,2011-08-15
509280.068294631,1337481.006952150,55,2011-08-15
514164.186434242,1334270.844756410,55,2011-08-15
513450.187160457,1339109.644826870,56,2011-08-16
510090.197645328,1338251.364679280,56,2011-08-16
512175.696920943,1339349.082306680,56,2011-08-16
511436.091083543,1340010.465838200,56,2011-08-16
509910.733179635,1335506.752562990,56,2011-08-16
509220.514676532,1339290.622454520,56,2011-08-16
513450.513571783,1339109.644938610,56,2011-08-16
506424.185855180,1342221.541568170,56,2011-08-16
511541.978038142,1339923.690361650,56,2011-08-16
513526.533776847,1340468.248699700,56,2011-08-16
512171.920259139,1339244.030882330,56,2011-08-16
508982.108564545,1338820.393157520,56,2011-08-16
510689.305683746,1335994.810272390,56,2011-08-16
509888.003772572,1334955.401055170,56,2011-08-16
510315.195875492,1335548.091191020,56,2011-08-16
518129.877798298,1337077.729794320,56,2011-08-16
518437.482262128,1334310.308475640,56,2011-08-16
509114.096793774,1339888.724358660,56,2011-08-16
511263.751104005,1340010.861332010,56,2011-08-16
515732.936246944,1334062.575069870,56,2011-08-16
509221.385012339,1339291.064945130,57,2011-08-17
510743.459299911,1340043.568099390,57,2011-08-17
509878.131508557,1335310.578317120,57,2011-08-17
512184.948710675,1339337.253097350,57,2011-08-17
512184.948279819,1339338.690627600,57,2011-08-17
512184.403900759,1339339.906836300,57,2011-08-17
512182.988899783,1339341.786259680,57,2011-08-17
509622.691359370,1336034.704386800,57,2011-08-17
515379.201199993,1337429.673500340,57,2011-08-17
510834.259103641,1339806.177356220,57,2011-08-17
509724.276546804,1336759.903216920,57,2011-08-17
515539.779662446,1336434.526578010,57,2011-08-17
509874.664237922,1339665.070969530,57,2011-08-17
511416.085740972,1337574.068795040,58,2011-08-18
512789.985453074,1341425.731659340,58,2011-08-18
510906.366472884,1336944.075367600,58,2011-08-18
516457.297650966,1339622.367066470,58,2011-08-18
514721.223027086,1338005.862533870,58,2011-08-18
514583.807085309,1341127.464891160,58,2011-08-18
510310.991840583,1339065.831608300,58,2011-08-18
509169.392935040,1337561.597002630,58,2011-08-18
512670.454026759,1341316.551686960,58,2011-08-18
512733.814046297,1341188.078535880,58,2011-08-18
509391.769201989,1337708.159082500,58,2011-08-18
510689.087751078,1335996.026587030,58,2011-08-18
510687.129133834,1335995.804942180,58,2011-08-18
513114.261067459,1336954.343301770,58,2011-08-18
510508.554040693,1341406.731890000,58,2011-08-18
512772.508963157,1334142.429454510,58,2011-08-18
509342.068999060,1335978.471899160,58,2011-08-18
513463.660637662,1335666.546313590,58,2011-08-18
510752.225781107,1335895.304898670,58,2011-08-18
513074.541348792,1337625.877296400,59,2011-08-19
511555.403403630,1340550.678783180,59,2011-08-19
509847.961782107,1338395.505421060,59,2011-08-19
514444.722324572,1342108.141693430,59,2011-08-19
510940.833513876,1337891.636456530,59,2011-08-19
510944.348655557,1339451.135573880,59,2011-08-19
511875.793216970,1342127.300279760,59,2011-08-19
514026.618820337,1341243.034433320,59,2011-08-19
509163.527801062,1337508.075575420,59,2011-08-19
513066.814148632,1337631.182552570,59,2011-08-19
509911.603641060,1335507.084493350,59,2011-08-19
511162.592289645,1340324.437196350,59,2011-08-19
508719.638186728,1336619.378170510,59,2011-08-19
514445.157495724,1342108.141857380,59,2011-08-19
512469.292117071,1342014.687241300,59,2011-08-19
510944.130879533,1339451.798993150,59,2011-08-19
511164.115508641,1340324.327021400,59,2011-08-19
511676.292504006,1341270.252627730,59,2011-08-19
511763.071417425,1341030.098897820,59,2011-08-19
509014.715061897,1336175.680015520,59,2011-08-19
510743.566458295,1336580.781968860,59,2011-08-19
510540.274518098,1336254.413062860,59,2011-08-19
509715.614491468,1336057.171831730,59,2011-08-19
509852.338599678,1337791.523240640,59,2011-08-19
509018.632019823,1336177.560611470,59,2011-08-19
518202.562813738,1333170.783253120,59,2011-08-19
510830.379541127,1336658.430328830,59,2011-08-19
508870.733041758,1335704.586361950,59,2011-08-19
509118.770321616,1339913.716183390,60,2011-08-20
509264.628920586,1337423.281575630,60,2011-08-20
511774.974949118,1340873.964237860,60,2011-08-20
509234.726144810,1337323.533274450,60,2011-08-20
512417.950136763,1340574.816912320,60,2011-08-20
511411.735330822,1337566.879963500,60,2011-08-20
511190.979731975,1339541.764607980,60,2011-08-20
509127.911083667,1339906.088012470,60,2011-08-20
510911.590362564,1335666.115069920,60,2011-08-20
511399.724082798,1340111.635927260,60,2011-08-20
511142.165928290,1339396.782262890,60,2011-08-20
511771.600019547,1340881.703827310,60,2011-08-20
514794.922380150,1340998.057565340,60,2011-08-20
514794.378181095,1340998.610251330,60,2011-08-20
514794.378181095,1340998.610251330,60,2011-08-20
508891.187588568,1335719.960673460,60,2011-08-20
514484.160489819,1334167.793119250,60,2011-08-20
513352.539843750,1334435.653870560,60,2011-08-20
508887.925038615,1335709.676219430,60,2011-08-20
510199.690921554,1341844.773780600,62,2011-08-22
510317.607663501,1341910.485677580,62,2011-08-22
516016.437965954,1341888.501085940,62,2011-08-22
516016.329219835,1341888.390459640,62,2011-08-22
511533.390349055,1341461.736038220,62,2011-08-22
511495.272569193,1341997.150989270,62,2011-08-22
511506.329591001,1341356.346361140,62,2011-08-22
510923.410218910,1340062.080594890,62,2011-08-22
512119.679998943,1341850.812786990,62,2011-08-22
511208.811492770,1337137.114848030,62,2011-08-22
511452.542903431,1340322.414570980,62,2011-08-22
511637.044999543,1340398.765655390,62,2011-08-22
511452.760319370,1340323.078106690,62,2011-08-22
511670.596746779,1339095.708920510,62,2011-08-22
514290.912537071,1341166.831562940,62,2011-08-22
516105.532714656,1336110.657517310,62,2011-08-22
516016.438013482,1341888.390506400,62,2011-08-22
516016.220426189,1341888.390412880,62,2011-08-22
510421.006280832,1338555.534902950,62,2011-08-22
510335.218943757,1341966.221880500,62,2011-08-22
514178.693477608,1337745.908116360,62,2011-08-22
508969.625089783,1339237.384821200,62,2011-08-22
510840.169389129,1342658.463001300,62,2011-08-22
511054.684382997,1340244.349336420,62,2011-08-22
512660.984608643,1341329.818220540,62,2011-08-22
508717.135310701,1336620.372924920,62,2011-08-22
514737.088425584,1340315.538929940,62,2011-08-22
508027.166507278,1341315.335347520,62,2011-08-22
510544.192879738,1336250.101436880,62,2011-08-22
517480.604950233,1331129.143961540,62,2011-08-22
517322.254690916,1331356.529797210,62,2011-08-22
510757.015882213,1335886.459781790,62,2011-08-22
510757.990338578,1335905.921926550,62,2011-08-22
510761.694339092,1335888.893693430,62,2011-08-22
515322.223677859,1335989.246176220,62,2011-08-22
509723.231222449,1336058.611003580,62,2011-08-22
509723.231055151,1336059.385056340,62,2011-08-22
510069.005261312,1336232.739066870,62,2011-08-22
510757.886156705,1335887.455210940,62,2011-08-22
509723.447370365,1336065.466946450,62,2011-08-22
509722.031988756,1336069.115746590,62,2011-08-22
509723.556185216,1336065.466969970,62,2011-08-22
512484.959955708,1332159.218721160,62,2011-08-22
506236.954979626,1343311.393018620,62,2011-08-22
514321.099401611,1337226.570210580,63,2011-08-23
514407.503175922,1337495.862713360,63,2011-08-23
512681.566819064,1336796.738832300,63,2011-08-23
512714.963456141,1335794.018531370,63,2011-08-23
509214.837805998,1346997.125879670,63,2011-08-23
512644.249371042,1336780.361363760,63,2011-08-23
511931.847361128,1337556.189894020,63,2011-08-23
509173.636893943,1337559.607418840,63,2011-08-23
510956.742736747,1337379.769864730,63,2011-08-23
511928.475715055,1337551.212853170,63,2011-08-23
510614.620804036,1340560.936523970,63,2011-08-23
510602.107763467,1340565.909505180,63,2011-08-23
510601.890166744,1340565.909451530,63,2011-08-23
510298.819130706,1336702.421363800,63,2011-08-23
513323.298014016,1337892.456069750,63,2011-08-23
511932.827900206,1337551.877593280,63,2011-08-23
509651.923965252,1337741.608501350,63,2011-08-23
509336.692913584,1337266.605619820,63,2011-08-23
510211.544382123,1336732.920739970,63,2011-08-23
511303.729999296,1341036.827074600,63,2011-08-23
514404.126351951,1337505.813577260,63,2011-08-23
512792.162563896,1341421.972657000,63,2011-08-23
510070.091016490,1336720.724470140,63,2011-08-23
513109.864446263,1340705.964000050,63,2011-08-23
513450.515151078,1339422.805486290,63,2011-08-23
511325.249403071,1341119.214526780,63,2011-08-23
513248.371016482,1340685.663599610,63,2011-08-23
514304.234797597,1332517.225554160,63,2011-08-23
510760.714083481,1335892.542553650,63,2011-08-23
511054.108455360,1332444.547600200,63,2011-08-23
514050.481104096,1330916.173581020,63,2011-08-23
512129.643538410,1334324.908123270,63,2011-08-23
520407.201494394,1328724.039717930,63,2011-08-23
510571.588169897,1335911.183529660,63,2011-08-23
514054.403810428,1341127.378414700,64,2011-08-24
512744.865191931,1332779.425741680,64,2011-08-24
510836.971346942,1335980.914400550,64,2011-08-24
513948.312331940,1335712.938002820,64,2011-08-24
510808.106261761,1340395.558295200,64,2011-08-24
512750.214923971,1335809.400201460,64,2011-08-24
512658.158707162,1336148.627542420,64,2011-08-24
510632.304082580,1337246.329596530,64,2011-08-24
514351.436555245,1332303.494155800,64,2011-08-24
510958.746791529,1335937.266831300,64,2011-08-24
513425.272687432,1334316.695595090,64,2011-08-24
512235.759085717,1334275.621609010,64,2011-08-24
506540.526953808,1342829.077265390,65,2011-08-25
511403.477546258,1341106.187471420,65,2011-08-25
511397.165903699,1341111.493554100,65,2011-08-25
511805.541288812,1338998.658761110,65,2011-08-25
514390.866290867,1340666.054573180,65,2011-08-25
511299.679214132,1339922.075845700,65,2011-08-25
515425.701834497,1341059.127903120,66,2011-08-26
506930.433938448,1342799.155551090,65,2011-08-25
511345.978842125,1340104.323048920,65,2011-08-25
511929.881140177,1337582.507154370,65,2011-08-25
514081.387528312,1341121.306360350,65,2011-08-25
511720.860194716,1337576.144113070,65,2011-08-25
514424.082715982,1341157.371472930,65,2011-08-25
506807.509678225,1341809.676431770,65,2011-08-25
511629.484227543,1337490.972412590,65,2011-08-25
510412.147095743,1339654.137155230,65,2011-08-25
514702.033207112,1341219.844044440,65,2011-08-25
510686.124707023,1339594.380797570,65,2011-08-25
509655.622893055,1337744.263191350,65,2011-08-25
506553.786577103,1342944.965952140,65,2011-08-25
514289.826298811,1341162.186822690,65,2011-08-25
511325.030101744,1341125.517491300,65,2011-08-25
508030.104181940,1341314.119444300,65,2011-08-25
510030.467916651,1337268.634624030,65,2011-08-25
510030.141560500,1337268.302812860,65,2011-08-25
510166.993104583,1339756.586294630,65,2011-08-25
515046.827579508,1338150.959041430,66,2011-08-26
506555.621628979,1343075.449878350,65,2011-08-25
511213.511584262,1340319.806424860,65,2011-08-25
509862.558825992,1337826.689652050,65,2011-08-25
509862.558801541,1337826.800231140,65,2011-08-25
510686.342696698,1339592.832742490,65,2011-08-25
511615.769780045,1337506.781380930,65,2011-08-25
510382.669708388,1339621.177482400,65,2011-08-25
511156.825840884,1340324.767404230,65,2011-08-25
511263.126117867,1339907.358955580,65,2011-08-25
509915.317586281,1337398.207409350,65,2011-08-25
512742.648643708,1342141.607885080,65,2011-08-25
509955.435048178,1337547.276970130,65,2011-08-25
509846.982866934,1338393.957097040,65,2011-08-25
514156.487859022,1341630.552232030,65,2011-08-25
509960.514874758,1337699.766670430,65,2011-08-25
514214.933161281,1341569.202119860,65,2011-08-25
514418.329610315,1341412.144397360,65,2011-08-25
512556.450031540,1340924.290690050,65,2011-08-25
511672.880939211,1339098.142308520,65,2011-08-25
514420.367514037,1340620.949233920,65,2011-08-25
510874.510264979,1336843.661445560,65,2011-08-25
510964.623276343,1335935.499082370,65,2011-08-25
510972.131478424,1335935.722177500,65,2011-08-25
515376.390272246,1336046.879856150,65,2011-08-25
513200.922611002,1331250.380122860,65,2011-08-25
508715.481688697,1337334.602507010,65,2011-08-25
510893.464478994,1335910.268808930,65,2011-08-25
510295.663956853,1336238.652250320,65,2011-08-25
511183.741929904,1335658.998364660,65,2011-08-25
510298.928201346,1336239.427071940,65,2011-08-25
510662.210552720,1335995.467022050,65,2011-08-25
510695.614897404,1336003.105265560,65,2011-08-25
510065.600941752,1337324.595615940,66,2011-08-26
515428.531952417,1341055.701098500,66,2011-08-26
515079.362422757,1338147.322824220,66,2011-08-26
515277.700822023,1341151.843838070,66,2011-08-26
511338.529912455,1337480.829502680,66,2011-08-26
515280.094207029,1341152.176545010,66,2011-08-26
515230.497974250,1338142.075404510,66,2011-08-26
513251.290164835,1340092.738027940,66,2011-08-26
513889.168617697,1340444.712139480,66,2011-08-26
514632.332014555,1341122.949669050,66,2011-08-26
508431.339417680,1341330.552023610,66,2011-08-26
510031.883329988,1337264.764677710,66,2011-08-26
511113.327020667,1337354.709206790,66,2011-08-26
511107.875287591,1337397.391302420,66,2011-08-26
512534.880787511,1341012.194567040,66,2011-08-26
514260.611853394,1341022.403572410,66,2011-08-26
512598.572215776,1340867.908403370,66,2011-08-26
508298.631410294,1341197.170652530,66,2011-08-26
508249.789308226,1341153.483615980,66,2011-08-26
510674.163967713,1338251.725234490,66,2011-08-26
512654.941327354,1341518.133066790,66,2011-08-26
510651.096968856,1338251.498351900,66,2011-08-26
512688.518629204,1341302.292666750,66,2011-08-26
513357.529534506,1339944.265848000,66,2011-08-26
514366.418908885,1341162.104776840,66,2011-08-26
515262.795486251,1338187.425908040,66,2011-08-26
511660.337451646,1341906.190300370,66,2011-08-26
514165.452133701,1340920.303678260,66,2011-08-26
506010.590071763,1340681.794461610,66,2011-08-26
511899.533450726,1340548.786277980,66,2011-08-26
510190.460179246,1337561.263558560,66,2011-08-26
511338.421102758,1337480.829473210,66,2011-08-26
514653.651786310,1341134.236942960,66,2011-08-26
514659.332576871,1341073.309840330,66,2011-08-26
510670.761139009,1339684.830796460,66,2011-08-26
508292.840750587,1341342.249745810,66,2011-08-26
510670.761084005,1339685.051954950,66,2011-08-26
511701.266242471,1341827.137601510,66,2011-08-26
509789.964676700,1336917.824347840,66,2011-08-26
510980.151816835,1340263.128400050,66,2011-08-26
512756.738035217,1335827.758393610,66,2011-08-26
509063.888821768,1335668.021559730,66,2011-08-26
509784.893905259,1338213.478314940,66,2011-08-26
509063.781656313,1335659.506961330,66,2011-08-26
513522.854703985,1335356.060719320,66,2011-08-26
510448.821205913,1336459.736133130,66,2011-08-26
515370.298649902,1336041.901321130,66,2011-08-26
512555.608452952,1334551.282023340,66,2011-08-26
513364.078037642,1334426.258560960,66,2011-08-26
512432.955789976,1336715.606881730,66,2011-08-26
514823.746795937,1341015.429745460,66,2011-08-26
509690.987998771,1336722.630906570,66,2011-08-26
513228.720751161,1340884.368173000,66,2011-08-26
514783.007590105,1341142.248558360,66,2011-08-26
512119.330603003,1332402.823867690,67,2011-08-27
513100.108993467,1337633.515688860,67,2011-08-27
509021.361079955,1339518.929395370,67,2011-08-27
510190.350112160,1337566.681908290,67,2011-08-27
513647.687246885,1331543.786548540,67,2011-08-27
514931.656029698,1337176.489582610,67,2011-08-27
508572.682601470,1336334.721426630,67,2011-08-27
510794.562759271,1335864.574587770,67,2011-08-27
514816.891650132,1341017.859826060,67,2011-08-27
509447.986202898,1335784.869874850,67,2011-08-27
509757.626045898,1336015.713817340,67,2011-08-27
509760.345147773,1336021.575093570,67,2011-08-27
509756.102419237,1336016.708697030,67,2011-08-27
510642.270516276,1340061.788431060,69,2011-08-29
510642.488061895,1340062.009643530,69,2011-08-29
509217.121390911,1339937.731355170,69,2011-08-29
509177.494595346,1340055.490363140,69,2011-08-29
510678.308142849,1339962.386616840,69,2011-08-29
509056.050078765,1340176.329641030,69,2011-08-29
511230.603934107,1341903.749819820,69,2011-08-29
508882.362789207,1337513.992640670,69,2011-08-29
512315.671060215,1339888.087974830,69,2011-08-29
511515.595161667,1341291.659990220,69,2011-08-29
512223.101117676,1339822.928747610,69,2011-08-29
509282.528193153,1339850.497469840,69,2011-08-29
509287.973202014,1339825.949979600,69,2011-08-29
510849.373501347,1338559.511106040,69,2011-08-29
508881.927675841,1337513.329084490,69,2011-08-29
508881.818907892,1337513.107905920,69,2011-08-29
508881.927551085,1337513.992558830,69,2011-08-29
510621.989199251,1339801.479818510,69,2011-08-29
510597.200531104,1339728.380817110,69,2011-08-29
508881.710077567,1337513.218464520,69,2011-08-29
510902.183257306,1342646.093979610,69,2011-08-29
510825.346955206,1340196.962252690,69,2011-08-29
510642.161716062,1340061.788404100,69,2011-08-29
509069.217444827,1336806.322524690,69,2011-08-29
511660.672516020,1340334.525729530,69,2011-08-29
509759.800952537,1336022.127870120,69,2011-08-29
513200.251863619,1336212.607315020,69,2011-08-29
513197.532424691,1336209.841932560,69,2011-08-29
510339.079838170,1336242.864505090,69,2011-08-29
507962.215484996,1341315.767363020,69,2011-08-29
505879.681321451,1344708.089261070,69,2011-08-29
505897.195306376,1344709.086012540,69,2011-08-29
505890.233782661,1344702.340048730,69,2011-08-29
505582.586248937,1344818.533762480,71,2011-08-31
505912.751664951,1344704.774782950,69,2011-08-29
505908.836138857,1344697.255027680,69,2011-08-29
516455.614263981,1335072.583027940,69,2011-08-29
510341.377566413,1336189.565974780,69,2011-08-29
506056.005178241,1344852.522088420,69,2011-08-29
515620.260612124,1335221.175253430,69,2011-08-29
506058.725185809,1344847.767421580,69,2011-08-29
505801.221029692,1345035.066255530,69,2011-08-29
515863.256933562,1337524.309067110,69,2011-08-29
514401.128733595,1340861.784002700,71,2011-08-31
513196.487830056,1340645.395320060,71,2011-08-31
505528.315934436,1344656.530583870,71,2011-08-31
510731.738523472,1336015.056807080,71,2011-08-31
514803.842650138,1341000.825516440,71,2011-08-31
510359.735412107,1336323.370916140,71,2011-08-31
510089.138352382,1336698.170696680,71,2011-08-31
510516.992662610,1336236.383022280,71,2011-08-31
509708.407222144,1336679.840580400,71,2011-08-31
505459.440584787,1344869.169931820,71,2011-08-31
509712.967873648,1336723.741434010,71,2011-08-31
508877.247806384,1337518.967736960,72,2011-09-01
510968.081486128,1340238.355510610,72,2011-09-01
501280.690455266,1338774.580120700,72,2011-09-01
510139.755867582,1342741.337860400,72,2011-09-01
510205.786721156,1336224.366536840,72,2011-09-01
508822.616624621,1336396.027583110,72,2011-09-01
510987.339441884,1341912.642544820,72,2011-09-01
509863.449194521,1338228.644929250,72,2011-09-01
512572.189554386,1336515.280735730,72,2011-09-01
507665.330085854,1342670.429900560,72,2011-09-01
509890.991648470,1335712.756746730,72,2011-09-01
507261.786996191,1342148.217192520,72,2011-09-01
510022.791093772,1337053.446044020,72,2011-09-01
513117.825283338,1336046.932544690,72,2011-09-01
508431.060479544,1336654.933358430,73,2011-09-02
513368.127332226,1340774.720483590,73,2011-09-02
511168.333535694,1340418.984031000,73,2011-09-02
505522.753834904,1344844.515391120,73,2011-09-02
511172.468305846,1340417.437019290,73,2011-09-02
510402.928016057,1338170.051655180,73,2011-09-02
511162.893267158,1340420.198958760,73,2011-09-02
509862.904597303,1338231.188128740,73,2011-09-02
514249.334918132,1335612.973310880,73,2011-09-02
511173.772599475,1340422.302855780,73,2011-09-02
509076.500575123,1340196.127308360,73,2011-09-02
505525.037068288,1344860.439018680,73,2011-09-02
510747.440298279,1341518.697368330,73,2011-09-02
509075.194957252,1340196.237633060,73,2011-09-02
512890.137492009,1341910.765395180,73,2011-09-02
515123.638196173,1342258.461717720,76,2011-09-05
513111.801868082,1339783.732861680,76,2011-09-05
515124.404869903,1342245.634795550,76,2011-09-05
513271.261504541,1339588.392439160,76,2011-09-05
509278.556835037,1339041.941514200,76,2011-09-05
514141.094068424,1341777.285566240,76,2011-09-05
515124.401819671,1342253.264783780,76,2011-09-05
510884.813886927,1341228.129656410,76,2011-09-05
510961.360229177,1341405.850422740,76,2011-09-05
510885.359085046,1341223.374883400,76,2011-09-05
511418.068387148,1339871.130995830,76,2011-09-05
516275.021414805,1341932.071129730,76,2011-09-05
516279.483306464,1341928.976858780,76,2011-09-05
510812.719390245,1337647.002746250,76,2011-09-05
513492.116030938,1338994.988502260,76,2011-09-05
513046.180310614,1334855.420204730,76,2011-09-05
511745.101837279,1336891.334649180,77,2011-09-06
510171.522635912,1338051.566916980,77,2011-09-06
510854.866699951,1340486.245217680,77,2011-09-06
515835.452105032,1335083.373083150,77,2011-09-06
512611.671543722,1339690.684877490,77,2011-09-06
515968.215534079,1341951.179010990,77,2011-09-06
502272.212516467,1338292.183190780,77,2011-09-06
512605.796013158,1339691.457087060,77,2011-09-06
509080.305759476,1340210.503354020,77,2011-09-06
510848.339174950,1340484.695443020,77,2011-09-06
513355.088049282,1339123.213674000,77,2011-09-06
512614.062642407,1339698.757917540,77,2011-09-06
510431.246324312,1339409.208741960,77,2011-09-06
510434.726650297,1339414.849119930,77,2011-09-06
517812.474384370,1335296.362883790,77,2011-09-06
510434.728060924,1339408.988421330,77,2011-09-06
509901.112384833,1335708.999308170,77,2011-09-06
513411.621065529,1338616.779891540,77,2011-09-06
513996.200471820,1342022.829892800,78,2011-09-07
514803.292138831,1335686.054103520,78,2011-09-07
514179.221120840,1332734.135324280,78,2011-09-07
509884.597168280,1336088.060325170,78,2011-09-07
513702.021395788,1336448.312176710,78,2011-09-07
513110.171093327,1339779.972625010,78,2011-09-07
509349.031540998,1339723.344854350,78,2011-09-07
509784.063501789,1336535.440810810,78,2011-09-07
510797.032361500,1339442.251609360,78,2011-09-07
510103.641182230,1337988.410598680,78,2011-09-07
513997.942720768,1342018.517922120,78,2011-09-07
510208.998001141,1336452.934074940,78,2011-09-07
513386.438098494,1331380.482845740,78,2011-09-07
516259.007099029,1336754.958337430,78,2011-09-07
511592.859201186,1340446.634098680,78,2011-09-07
510890.792984444,1341246.376784530,79,2011-09-08
510900.274223924,1338214.295963610,79,2011-09-08
510896.248166787,1338215.068986600,79,2011-09-08
511087.989069811,1337712.978845820,79,2011-09-08
511088.097820622,1337713.200032590,79,2011-09-08
511087.988460503,1337715.301007120,79,2011-09-08
511090.492543870,1337709.662129310,79,2011-09-08
511485.176483701,1339163.110482070,79,2011-09-08
511781.874727158,1339574.880434140,79,2011-09-08
512772.357059142,1336668.717064040,79,2011-09-08
509914.453932506,1335901.520234900,79,2011-09-08
510472.255666732,1335393.871041040,79,2011-09-08
512777.034664935,1336672.920561170,79,2011-09-08
511285.710757437,1339674.042771990,79,2011-09-08
513110.062694688,1339778.756216640,79,2011-09-08
511090.056844101,1337711.431280820,79,2011-09-08
512771.483560524,1336678.116007600,79,2011-09-08
510802.611508072,1335447.693929740,79,2011-09-08
511387.491152665,1341081.745059630,80,2011-09-09
511384.227258193,1341081.744168160,80,2011-09-09
511381.615840752,1341082.849248830,80,2011-09-09
509691.204767119,1336726.611797830,80,2011-09-09
509693.707119755,1336728.160442600,80,2011-09-09
512678.602243087,1341352.713736950,80,2011-09-09
512953.307832818,1340694.965193230,80,2011-09-09
510669.328623471,1336252.454366570,80,2011-09-09
512958.639761457,1340692.423606100,80,2011-09-09
510806.311559881,1338460.200084590,80,2011-09-09
512764.636012793,1336312.539418130,80,2011-09-09
510017.656562239,1336181.308185570,80,2011-09-09
507231.573943632,1342731.408880110,80,2011-09-09
514439.550362667,1341975.112583220,80,2011-09-09
510506.000273828,1339382.245489110,80,2011-09-09
515066.488917747,1341795.221238390,81,2011-09-10
510606.774013537,1338408.067480540,81,2011-09-10
510884.073111691,1337744.993984070,81,2011-09-10
510884.834659693,1337745.436495130,81,2011-09-10
510882.657440073,1337749.527366070,81,2011-09-10
511468.964919577,1341135.398423630,81,2011-09-10
510716.780096105,1338831.502436870,81,2011-09-10
511466.243883755,1341139.489109660,81,2011-09-10
512968.144591105,1336231.550488390,81,2011-09-10
512969.342340166,1336229.118138860,81,2011-09-10
512639.765440894,1339272.151134930,81,2011-09-10
512017.998987159,1336901.697354960,81,2011-09-10
512641.069127603,1339278.343984650,81,2011-09-10
512635.302178423,1339279.558540040,81,2011-09-10
513108.320691483,1340768.109103380,81,2011-09-10
509298.259199797,1335766.814916760,83,2011-09-12
509292.167312870,1335757.856793900,83,2011-09-12
512779.641652546,1336687.075515790,83,2011-09-12
512805.381090854,1341930.310607930,83,2011-09-12
512807.340580183,1341926.551535800,83,2011-09-12
512784.538397873,1336686.524183470,83,2011-09-12
512768.351847599,1334211.208209940,83,2011-09-12
512637.374851412,1336495.728656920,83,2011-09-12
507917.203736686,1341125.895626350,83,2011-09-12
510579.807242310,1337894.531336890,83,2011-09-12
510577.849346168,1337891.876957830,83,2011-09-12
510424.844288215,1335710.336589210,83,2011-09-12
512772.737162617,1335817.700796990,83,2011-09-12
512777.269099938,1334230.451778100,83,2011-09-12
514557.819211050,1341375.484739990,84,2011-09-13
513154.728962664,1336656.677755750,84,2011-09-13
511041.990645415,1339690.896728940,84,2011-09-13
509886.652907850,1337122.527440790,84,2011-09-13
511190.343129773,1341930.831013610,84,2011-09-13
516781.021581795,1338581.739329080,84,2011-09-13
516784.396522707,1338577.428268420,84,2011-09-13
516210.524449514,1340644.565490850,84,2011-09-13
516215.621292196,1340183.783089860,84,2011-09-13
514745.716133057,1341919.718529430,84,2011-09-13
510247.230457661,1336751.727499940,84,2011-09-13
509980.613327165,1336871.202268010,84,2011-09-13
511488.347178014,1339107.379426520,85,2011-09-14
510891.337304085,1341245.049971710,85,2011-09-14
510962.259238604,1342975.194023570,85,2011-09-14
509439.976400262,1335578.749079320,85,2011-09-14
510776.755652157,1341753.243652140,85,2011-09-14
510886.441914966,1341243.390026160,85,2011-09-14
508226.009579206,1336943.288676440,85,2011-09-14
509198.551632299,1335928.903698390,85,2011-09-14
511322.100365356,1337478.171159890,85,2011-09-14
509469.652252243,1336252.733954220,85,2011-09-14
511351.557907118,1341193.531007700,85,2011-09-14
510974.157952052,1338199.718534060,85,2011-09-14
517083.424130488,1337812.135549910,86,2011-09-15
501905.480218507,1339459.139578730,86,2011-09-15
511696.049535976,1336814.025972660,86,2011-09-15
506462.653714507,1337542.386781780,86,2011-09-15
508813.466478418,1337035.061934330,86,2011-09-15
511742.834432388,1337594.617068360,86,2011-09-15
517082.660107726,1337817.221843310,86,2011-09-15
510671.331374763,1341328.039470650,86,2011-09-15
516342.742922672,1334139.799030870,86,2011-09-15
501892.423757192,1339455.380504470,86,2011-09-15
501918.646076626,1339475.725836110,86,2011-09-15
501794.834381856,1339580.450332970,86,2011-09-15
511741.528720919,1337594.616697010,86,2011-09-15
517078.414671594,1337821.311306500,86,2011-09-15
501914.185229038,1339476.721256770,86,2011-09-15
512969.094185862,1340995.525124080,87,2011-09-16
510784.275387989,1341702.047291210,87,2011-09-16
513739.011174981,1338942.770396350,87,2011-09-16
516183.147650636,1342051.567501540,87,2011-09-16
513187.877674630,1340364.742000230,87,2011-09-16
514436.639333562,1341615.949265500,87,2011-09-16
509720.354644598,1337787.845285810,87,2011-09-16
513095.709281341,1340411.597025100,87,2011-09-16
513096.689642577,1340408.058809760,87,2011-09-16
509717.961191478,1337786.296660820,87,2011-09-16
510116.104281140,1340571.101471600,87,2011-09-16
510644.714188760,1341175.986230730,94,2011-09-23
516128.096194330,1336020.766402270,94,2011-09-23
511680.651746264,1340475.298855440,94,2011-09-23
514315.292684149,1339092.150340740,94,2011-09-23
510630.785218310,1341188.367666040,94,2011-09-23
511992.244658151,1336041.384807520,94,2011-09-23
509862.251266643,1338233.399566810,94,2011-09-23
509868.670433608,1338235.391411620,94,2011-09-23
510630.567352326,1341189.473405660,94,2011-09-23
509864.209986727,1338232.515367070,94,2011-09-23
515297.834906798,1336024.289899590,97,2011-09-26
513724.427468903,1330880.783279130,97,2011-09-26
515141.723876744,1331823.553829400,97,2011-09-26
513684.016439327,1332852.277972240,97,2011-09-26
512792.868120301,1334112.800795640,97,2011-09-26
513985.207996829,1330232.331574020,97,2011-09-26
517368.412708761,1335245.172498740,97,2011-09-26
517159.837463957,1335649.794214890,97,2011-09-26
513576.256880422,1336693.643430750,98,2011-09-27
512538.325021890,1334490.015928870,98,2011-09-27
509741.277205095,1331108.002371860,98,2011-09-27
509745.303809960,1331108.998449070,98,2011-09-27
501994.390658544,1337416.739835830,98,2011-09-27
511396.297104015,1341503.497228820,98,2011-09-27
511393.250059673,1341506.371459720,98,2011-09-27
502113.767858186,1337736.971674170,98,2011-09-27
501943.690341911,1337527.763440150,98,2011-09-27
501990.691065210,1337415.413050630,98,2011-09-27
499024.315669321,1339673.496463790,98,2011-09-27
512538.432915572,1334493.001593220,98,2011-09-27
501989.711844866,1337416.961199980,98,2011-09-27
501943.690538950,1337532.076021900,98,2011-09-27
508712.711407453,1342373.586761520,99,2011-09-28
509806.456032831,1341103.471230610,99,2011-09-28
509806.671146533,1341114.750370100,99,2011-09-28
510082.369485490,1342027.423823370,99,2011-09-28
509802.863104951,1341115.523588720,99,2011-09-28
509794.704083952,1341112.314996880,99,2011-09-28
519552.800578613,1333302.746804250,99,2011-09-28
509810.915200535,1341110.217550450,99,2011-09-28
516813.022742005,1339509.846687190,99,2011-09-28
513243.729041747,1336032.599127370,99,2011-09-28
512644.257566244,1339863.420006140,99,2011-09-28
514103.155821394,1337812.780942890,99,2011-09-28
518672.199527650,1337697.360487410,100,2011-09-29
514493.849216345,1332131.265508800,100,2011-09-29
514494.940541394,1332123.193665670,100,2011-09-29
516274.983522398,1337047.557907740,100,2011-09-29
512131.438034600,1332310.051876290,100,2011-09-29
513013.858314686,1336195.737782600,100,2011-09-29
508116.224659921,1344265.498302160,100,2011-09-29
516971.494334787,1337028.740186120,100,2011-09-29
517394.943845193,1338498.316122320,100,2011-09-29
513296.711484242,1332500.283720380,100,2011-09-29
508061.396719711,1344268.253899970,100,2011-09-29
511319.695127805,1341140.112522200,101,2011-09-30
511320.241925240,1341129.718209680,101,2011-09-30
511315.890132940,1341129.495872270,101,2011-09-30
511315.999078958,1341128.943004930,101,2011-09-30
512938.456635088,1341865.222358010,101,2011-09-30
508443.555688919,1336760.317302050,101,2011-09-30
513249.119437732,1336507.980343470,101,2011-09-30
514420.456380973,1335738.875798430,101,2011-09-30
510574.904890909,1338362.722194890,104,2011-10-03
512795.580853711,1336182.176587200,104,2011-10-03
515489.740041352,1337724.191178380,104,2011-10-03
516822.245439478,1335265.708004330,104,2011-10-03
513573.957862666,1335160.021757780,104,2011-10-03
511214.767541080,1341319.554605210,104,2011-10-03
511221.729631129,1341322.652690320,104,2011-10-03
512998.595239582,1336951.319667760,104,2011-10-03
513250.147500656,1336037.466753820,104,2011-10-03
513245.139455980,1336045.095032070,104,2011-10-03
512793.405941662,1336177.863309410,104,2011-10-03
510588.741810829,1338287.421190080,104,2011-10-03
510580.235728452,1338365.487981440,104,2011-10-03
513594.558484717,1339142.204911830,104,2011-10-03
516904.698673059,1334857.266402460,104,2011-10-03
516899.475945332,1334855.937065210,104,2011-10-03
516491.923824065,1339805.833721440,105,2011-10-04
516493.445516283,1339809.262361220,105,2011-10-04
516490.291066028,1339807.491686080,105,2011-10-04
510533.160955892,1340437.510012040,105,2011-10-04
510533.594800932,1340443.039083060,105,2011-10-04
510530.875667510,1340439.610460780,105,2011-10-04
508169.119993715,1337491.640695810,105,2011-10-04
510492.669414743,1338271.142608670,105,2011-10-04
509492.538301463,1338171.506369210,105,2011-10-04
511240.357704956,1341233.088386180,105,2011-10-04
511213.346948250,1340528.801286160,105,2011-10-04
511238.397332137,1341240.717837210,105,2011-10-04
510609.084663671,1338303.681329620,105,2011-10-04
511014.486799027,1337510.931620730,106,2011-10-05
509190.500677650,1335921.935627800,106,2011-10-05
511010.460643518,1337511.704628430,106,2011-10-05
517100.530018668,1336592.233041280,106,2011-10-05
517107.929105422,1336592.678796390,106,2011-10-05
517108.365694296,1336589.803939560,106,2011-10-05
520358.633702513,1334284.255812860,106,2011-10-05
510627.078287849,1338580.133666230,107,2011-10-06
509776.931129944,1331307.383347960,107,2011-10-06
512043.814892928,1336068.823532360,107,2011-10-06
510625.446366933,1338579.469788130,107,2011-10-06
509728.007540682,1331071.066252880,107,2011-10-06
512760.149923543,1336048.364644620,107,2011-10-06
512038.478216362,1336084.966499810,107,2011-10-06
510625.333765281,1338594.840264910,107,2011-10-06
511185.018238853,1338229.077298340,107,2011-10-06
513738.045942192,1336427.646520800,107,2011-10-06
513305.380897313,1335846.847022620,107,2011-10-06
514824.175963542,1337952.603144070,107,2011-10-06
513550.224521831,1334560.233207780,107,2011-10-06
509458.359436515,1331402.855807700,107,2011-10-06
514770.659783331,1341281.131586100,108,2011-10-07
513603.878175843,1340501.449320290,108,2011-10-07
514252.612598295,1336758.131590900,108,2011-10-07
518437.286498767,1336404.899358570,108,2011-10-07
518444.359230636,1336405.234700640,108,2011-10-07
518449.038790434,1336404.131293640,108,2011-10-07
515115.076577369,1334526.202234710,108,2011-10-07
518452.189429836,1336413.863875520,108,2011-10-07
517196.253423493,1338752.665511920,111,2011-10-10
512795.144429760,1336185.825556360,111,2011-10-10
512630.636648763,1342000.804677070,111,2011-10-10
517201.150435251,1338751.009116130,111,2011-10-10
512793.514685513,1336178.084502250,111,2011-10-10
512626.719433605,1342002.904451660,111,2011-10-10
511565.793322489,1339576.920390730,111,2011-10-10
516595.654244590,1339710.560611670,111,2011-10-10
512628.785247672,1342006.885963720,111,2011-10-10
514093.053731152,1331466.318122420,111,2011-10-10
513504.282901482,1331439.903706310,111,2011-10-10
511575.811845610,1339545.629255540,111,2011-10-10
509594.751805076,1336426.148044950,112,2011-10-11
509596.601400697,1336427.254226820,112,2011-10-11
513627.974401976,1335976.887749060,112,2011-10-11
515743.524210168,1335286.468229890,112,2011-10-11
513631.346060708,1335981.533241330,112,2011-10-11
515745.048539429,1335284.367865340,112,2011-10-11
513906.617834688,1335152.950905120,112,2011-10-11
512697.905238668,1336056.306586860,112,2011-10-11
513899.650981382,1335159.914898640,112,2011-10-11
511865.685259819,1341717.821690370,112,2011-10-11
513287.527855510,1334572.418129550,113,2011-10-12
512609.300040356,1336498.816060280,113,2011-10-12
511261.066661803,1339473.445373740,113,2011-10-12
511745.754205352,1336893.104099850,113,2011-10-12
511745.537902301,1336888.459717290,113,2011-10-12
512490.812183045,1336466.932398420,113,2011-10-12
510418.783268604,1338297.553203410,113,2011-10-12
510422.480943744,1338304.852314460,113,2011-10-12
510434.231929790,1338305.408033640,113,2011-10-12
512403.223430692,1335736.641500670,113,2011-10-12
512406.053530283,1335733.767313320,113,2011-10-12
509829.463597421,1335926.381709010,113,2011-10-12
511831.593803287,1336938.244897370,113,2011-10-12
513970.757336193,1335329.347378420,113,2011-10-12
510777.304386833,1335692.398783760,114,2011-10-13
510785.470198830,1335674.155309750,114,2011-10-13
510787.424380374,1335692.069594060,114,2011-10-13
514578.094304658,1337555.197482980,114,2011-10-13
514578.094304658,1337555.197482980,114,2011-10-13
514208.117562392,1335547.163626220,114,2011-10-13
514580.044976103,1337575.987114010,114,2011-10-13
514580.482020764,1337571.232374410,114,2011-10-13
512936.431772826,1334028.364650270,114,2011-10-13
514018.486107482,1339063.401521900,114,2011-10-13
514848.188416430,1342505.719360520,114,2011-10-13
514293.621929140,1336205.030011720,114,2011-10-13
513259.853090308,1336299.321220550,114,2011-10-13
513182.284069355,1340825.192660990,114,2011-10-13
511102.843832270,1339565.184075400,114,2011-10-13
513187.399027350,1340820.771192760,114,2011-10-13
513765.746975683,1336868.314018970,114,2011-10-13
513262.895323839,1336312.923466150,114,2011-10-13
514561.028860329,1337221.794752510,115,2011-10-14
514563.313340364,1337223.233148290,115,2011-10-14
510969.904675542,1341600.251198770,115,2011-10-14
512452.413249623,1335720.622648970,115,2011-10-14
515980.692063253,1336435.927863010,115,2011-10-14
512150.885947630,1332419.198878970,115,2011-10-14
514039.241970398,1337631.518445460,115,2011-10-14
513470.596587419,1339876.961626590,118,2011-10-17
514654.099720750,1335984.449681500,118,2011-10-17
512226.695760613,1333290.692970970,118,2011-10-17
512488.309697812,1332236.956617830,118,2011-10-17
516197.273351115,1335084.965313560,118,2011-10-17
513480.715152624,1339876.743942660,118,2011-10-17
515674.220179990,1336562.190620000,118,2011-10-17
511106.437542438,1341616.652651440,119,2011-10-18
514101.816489207,1341785.343504100,119,2011-10-18
516508.119168978,1339597.730461810,119,2011-10-18
514090.935398928,1341789.983872380,119,2011-10-18
516505.618347036,1339594.080226740,119,2011-10-18
515857.453951829,1341461.706730790,119,2011-10-18
513694.793341410,1341236.723599460,119,2011-10-18
515852.556760370,1341465.022039100,119,2011-10-18
512179.946335689,1339691.879325580,119,2011-10-18
512551.411990403,1341379.212768300,119,2011-10-18
513703.388961474,1341234.625609840,119,2011-10-18
510447.980726190,1339497.123259160,119,2011-10-18
514981.788911343,1341116.008418340,119,2011-10-18
510443.641572521,1335373.628207550,120,2011-10-19
511075.032885819,1339403.620491270,120,2011-10-19
511075.250288063,1339404.394602970,120,2011-10-19
512004.895864519,1338912.243659220,120,2011-10-19
510551.625258364,1334776.307045290,120,2011-10-19
514143.801758981,1338838.418237980,120,2011-10-19
510451.692889632,1335378.495616080,120,2011-10-19
508901.898763504,1336624.056299400,121,2011-10-20
508913.432480634,1336626.380635570,121,2011-10-20
510935.360763931,1339707.677112330,121,2011-10-20
510933.508887948,1339716.412396600,121,2011-10-20
510296.708429128,1338270.985168920,121,2011-10-20
514678.653147885,1341190.973807150,121,2011-10-20
509958.048798903,1336080.667899000,121,2011-10-20
511641.560453731,1337496.836496470,122,2011-10-21
511646.235537748,1337510.107304240,122,2011-10-21
510942.662724193,1339238.159540090,122,2011-10-21
513120.446411653,1334370.334798770,122,2011-10-21
512837.122421702,1332186.863426200,122,2011-10-21
510834.108920054,1342533.617242330,122,2011-10-21
510828.560825678,1342532.620614200,122,2011-10-21
514613.365631090,1338937.230388970,122,2011-10-21
514630.117839294,1338946.857184310,122,2011-10-21
512346.567742084,1332390.838893350,122,2011-10-21
513838.181198034,1335431.585692900,125,2011-10-24
511338.105691817,1337440.136277460,125,2011-10-24
518471.702623381,1338260.769838490,125,2011-10-24
515140.763073971,1341331.701570210,125,2011-10-24
517824.542429815,1335095.557038460,125,2011-10-24
510364.670831091,1339360.095625870,125,2011-10-24
510364.776734965,1339372.259365360,125,2011-10-24
510371.194250175,1339380.001441010,125,2011-10-24
513842.968608771,1335433.135496400,125,2011-10-24
510263.620864231,1338314.877303350,125,2011-10-24
516332.810480956,1340157.295344700,125,2011-10-24
512968.371574185,1336202.800007680,125,2011-10-24
517388.957878962,1338501.741239100,126,2011-10-25
513566.439653247,1339593.469284900,126,2011-10-25
513562.522513130,1339594.241983510,126,2011-10-25
512249.810491288,1339647.115730860,126,2011-10-25
512256.122631441,1339641.699252760,126,2011-10-25
510179.249440356,1331928.814910790,126,2011-10-25
511053.694287330,1339870.259356400,126,2011-10-25
510476.598375124,1340833.591356990,126,2011-10-25
512825.232076512,1335335.482527460,126,2011-10-25
509841.485214770,1341118.186001850,127,2011-10-26
511741.201821371,1337596.275290900,127,2011-10-26
511740.550537818,1337590.746149540,127,2011-10-26
509830.278681776,1341120.505693750,127,2011-10-26
515537.337967032,1334170.861415440,127,2011-10-26
517236.177665694,1334593.356979300,127,2011-10-26
513631.312774301,1340763.642618380,127,2011-10-26
513626.523747075,1340769.169918040,127,2011-10-26
515532.547393350,1334176.720132520,127,2011-10-26
513910.077718914,1341604.034363280,127,2011-10-26
512203.577703536,1339982.709965350,127,2011-10-26
507893.162853634,1344607.153562400,128,2011-10-27
511244.179042195,1340371.786909280,128,2011-10-27
512646.758000814,1339869.723815410,128,2011-10-27
510130.672990180,1340143.826462000,128,2011-10-27
508117.094414545,1344268.705250560,128,2011-10-27
517235.635324453,1334589.597036450,128,2011-10-27
509935.840851645,1336611.442105860,128,2011-10-27
509938.995608912,1336615.091918200,128,2011-10-27
509721.319115745,1331301.510656730,128,2011-10-27
512489.079310904,1341706.729613060,128,2011-10-27
514594.050175417,1341370.080148590,128,2011-10-27
511886.153817797,1342414.920471520,129,2011-10-28
511897.795225377,1342412.491105150,129,2011-10-28
511197.424084119,1339856.143167050,129,2011-10-28
512648.466874062,1334094.841309110,129,2011-10-28
510325.566325485,1336329.776399310,129,2011-10-28
516431.921616551,1340906.293927980,129,2011-10-28
516492.475046928,1335137.398702910,129,2011-10-28
516878.748923869,1339251.563213900,132,2011-10-30
509092.113268660,1336015.908401220,132,2011-10-30
509092.221695762,1336017.898843560,132,2011-10-30
509094.288210889,1336022.875299410,132,2011-10-30
513697.473230718,1336696.339511530,132,2011-10-30
512781.876980756,1336842.882167490,132,2011-10-30
514731.195691639,1337256.028744390,132,2011-10-30
514285.058277712,1337587.597879250,132,2011-10-30
512061.013805983,1336047.929162670,134,2011-11-01
514396.335273895,1335933.707107750,134,2011-11-01
516283.500089821,1337229.464462880,134,2011-11-01
511863.290380348,1341722.686491850,134,2011-11-01
514010.967224778,1340600.009407190,134,2011-11-01
513988.121732890,1340594.029865860,134,2011-11-01
517384.530235755,1334299.507646800,134,2011-11-01
514273.913042901,1341827.205881340,135,2011-11-02
510336.704125628,1341210.633328570,135,2011-11-02
510339.315755242,1341208.422362450,135,2011-11-02
514683.192232338,1335883.059786860,135,2011-11-02
509059.197412853,1339096.966525070,135,2011-11-02
514683.628426604,1335880.627214080,135,2011-11-02
516866.928655299,1336547.451437180,135,2011-11-02
512782.902155918,1336358.324972730,135,2011-11-02
513759.147886755,1334594.143078980,135,2011-11-02
516859.743546824,1336554.967543000,135,2011-11-02
513761.429653176,1334603.985408860,135,2011-11-02
518576.968357817,1334355.385456810,136,2011-11-03
508117.196294148,1340972.111682930,136,2011-11-03
514369.926098405,1332040.986929470,136,2011-11-03
512165.102173067,1332920.346134700,136,2011-11-03
508141.781610611,1340989.034326040,136,2011-11-03
518565.335816498,1334333.263663060,136,2011-11-03
511819.501426498,1342286.960750970,136,2011-11-03
516858.307486918,1337078.780692300,139,2011-11-06
515433.526536596,1334159.318697830,139,2011-11-06
513674.076163729,1342918.851665820,139,2011-11-06
510959.647076962,1332015.477739140,139,2011-11-06
514829.183572821,1335984.295925760,139,2011-11-06
501638.986046082,1338795.125603780,139,2011-11-06
516537.950764671,1334916.260735710,139,2011-11-06
510963.675878713,1332007.295950430,139,2011-11-06
515422.426605805,1334159.535332660,139,2011-11-06
513661.234202302,1342932.448448000,139,2011-11-06
512109.145048224,1330410.414057490,140,2011-11-07
518047.341785500,1336096.518917430,140,2011-11-07
513717.333589019,1334982.813505440,140,2011-11-07
516328.028920931,1340144.466025570,140,2011-11-07
513721.031959529,1334987.016802560,140,2011-11-07
513132.137657692,1334885.525970230,140,2011-11-07
512383.527382487,1332528.631283090,140,2011-11-07
512109.043098451,1330387.081939500,140,2011-11-07
518044.843704561,1336087.118443830,140,2011-11-07
510956.926789356,1332013.707781050,140,2011-11-07
516315.192310588,1340140.368943880,140,2011-11-07
517426.653381397,1335196.766446960,141,2011-11-08
511943.997013215,1332066.170804190,141,2011-11-08
517203.000538570,1338750.125348330,143,2011-11-10
517190.489129953,1338747.576160070,143,2011-11-10
508183.005919001,1341047.648126690,143,2011-11-10
517197.148633160,1339396.238064310,143,2011-11-10
512518.015820437,1336816.702438760,143,2011-11-10
513131.264508871,1334893.376788160,143,2011-11-10
509823.940881697,1335803.969589890,146,2011-11-13
516599.024118972,1339717.196889340,146,2011-11-13
511076.024794132,1336032.616374270,146,2011-11-13
515740.442670751,1339005.245789930,146,2011-11-13
512647.988531735,1334924.625408670,146,2011-11-13
515332.044057006,1335384.824837630,146,2011-11-13
516470.169899439,1334148.148571450,146,2011-11-13
512647.230828983,1334911.798011900,146,2011-11-13
500025.439648659,1340040.602462480,147,2011-11-14
516300.740858957,1339601.177311520,147,2011-11-14
519846.752618567,1334059.159351870,147,2011-11-14
516306.301895431,1339573.534899640,147,2011-11-14
512915.528448915,1336077.054482780,147,2011-11-14
515171.268103890,1339597.607169730,147,2011-11-14
512915.204079342,1336070.640793270,147,2011-11-14
515189.001992901,1339599.715286130,148,2011-11-15
515686.664611005,1335161.268983340,148,2011-11-15
516486.931216172,1339778.297221610,148,2011-11-15
510839.293764351,1337977.088152590,148,2011-11-15
516479.748011236,1339783.491259120,148,2011-11-15
516466.444368655,1339850.717638470,148,2011-11-15
516461.330469052,1339851.268263850,148,2011-11-15
516466.443680792,1339852.265750220,148,2011-11-15
514030.005797027,1334582.849894980,148,2011-11-15
513830.922477251,1342082.594106430,149,2011-11-16
513837.012987011,1342087.904091430,149,2011-11-16
513162.287121041,1339125.360500420,149,2011-11-16
512633.817951942,1336387.691794600,150,2011-11-17
513353.680868961,1335888.883356060,150,2011-11-17
513079.077725224,1335744.817843310,153,2011-11-20
513078.638022962,1335758.308339780,153,2011-11-20
513076.689444524,1335727.566729920,153,2011-11-20
515693.146982192,1334489.835741560,153,2011-11-20
512542.533146781,1334955.775718610,153,2011-11-20
